{
    "model_params": {
        "mesh_params": {
            "catmullclark_iterations": 4,
            "mass_quotient_nodes": [0.1, 0.2, 0.3, 0.4, 0.5, 0.6, 0.7, 0.8, 0.9, 1.0, 1.1, 1.2, 1.3, 1.4, 1.5, 1.6, 1.7, 1.8, 1.9, 2.0, 2.1, 2.2, 2.3, 2.4, 2.5, 2.6, 2.7, 2.8, 2.9, 3.0, 3.1, 3.2, 3.3, 3.4, 3.5, 3.6, 3.7, 3.8, 3.9, 4.0, 4.1, 4.2, 4.3, 4.4, 4.5, 4.6, 4.7, 4.8, 4.9, 5.0, 5.1, 5.2, 5.3, 5.4, 5.5, 5.6, 5.7, 5.8, 5.9, 6.0, 6.1, 6.2, 6.3, 6.4, 6.5, 6.6, 6.7, 6.8, 6.9, 7.0, 7.1, 7.2, 7.3, 7.4, 7.5, 7.6, 7.7, 7.8, 7.9, 8.0, 8.1, 8.2, 8.3, 8.4, 8.5, 8.6, 8.7, 8.8, 8.9, 9.0, 9.1, 9.2, 9.3, 9.4, 9.5, 9.6, 9.7, 9.8, 9.9, 10.0]
        },
        "model_function": "first_model",
        "channels": [{
                "measurements_t": [0, 0, 1, 1, 8, 8, 13.899999999906868, 13.899999999906868, 42.89999999990687, 42.89999999990687, 58.89999999990687, 58.89999999990687, 59.89999999990687, 59.89999999990687, 64.89999999990687, 64.89999999990687, 69.79999999981374, 69.79999999981374, 71.79999999981374, 71.79999999981374, 415.89999999990687, 415.89999999990687, 423.79999999981374, 423.79999999981374, 477.79999999981374, 477.79999999981374, 667.1000000000931, 667.1000000000931, 668.1000000000931, 668.1000000000931, 669.1000000000931, 675.1000000000931, 675.1000000000931, 775.7999999998137, 775.7999999998137, 776.8999999999069, 777.7999999998137, 777.7999999998137, 781.8999999999069, 781.8999999999069, 808.8999999999069, 808.8999999999069, 834.7999999998137, 1151.7999999998137, 1151.7999999998137, 1152.7999999998137, 1152.7999999998137, 1155.7999999998137, 1155.7999999998137, 1159.7999999998137, 1159.7999999998137, 1161.7999999998137, 1164.7999999998137, 1164.7999999998137, 1166.7999999998137, 1166.7999999998137, 1570.7000000001863, 1570.7000000001863, 1576.7999999998137, 1576.7999999998137, 1752.1000000000931, 1752.1000000000931, 1777.1000000000931, 1777.1000000000931, 1783.1000000000931, 1783.1000000000931, 1804, 1808, 1808, 1813, 1813, 1832, 1832, 1837.8999999999069, 1872.8999999999069, 1872.8999999999069, 2110.100000000093, 2111.100000000093, 2149.100000000093, 2221.899999999907, 2221.899999999907, 2316.7000000001863, 2316.7000000001863, 2498.100000000093, 2498.100000000093, 2501.100000000093, 2501.100000000093, 2517.100000000093, 2517.100000000093, 2525, 2525, 2540, 2540, 2551.899999999907, 2551.899999999907, 2574.899999999907, 2574.899999999907, 2600.899999999907, 2600.899999999907, 2606.899999999907, 2606.899999999907, 2609.7999999998137, 2609.7999999998137, 2632.7999999998137, 2632.7999999998137, 2636.7999999998137, 2636.7999999998137, 2640.7999999998137, 2640.7999999998137, 2643.7999999998137, 2643.7999999998137, 2643.7999999998137, 2671.7999999998137, 2671.7999999998137, 2671.7999999998137, 4496.799999999814, 4819.799999999814, 5560.799999999814, 5582.799999999814, 5583.799999999814, 5583.799999999814, 5594.700000000186, 5806.100000000093, 5834, 5858.899999999907, 5880.899999999907, 5889.899999999907, 5910.799999999814, 5947.799999999814, 6210, 6231.899999999907, 6238.899999999907, 6242.899999999907, 6267.899999999907, 6271.899999999907, 6285.799999999814, 6292.899999999907, 6298.799999999814, 6317.799999999814, 6317.799999999814, 6495.200000000186, 6540.100000000093, 6570, 6624.899999999907, 6648.799999999814, 6671.799999999814, 6680.799999999814, 6686.700000000186, 6686.700000000186, 6716.700000000186, 6741.700000000186, 6904.100000000093, 6925, 7027.799999999814, 7061.799999999814, 7068.799999999814, 7286, 7326, 7340.899999999907, 7357.799999999814, 7366.899999999907, 7383.899999999907, 7391.799999999814, 7420.799999999814, 7444.700000000186, 7602.100000000093, 7613.100000000093, 7635, 7647, 7678.899999999907, 7708.899999999907, 7771.799999999814, 7776.799999999814, 8014, 8032, 8052.899999999907, 8103.899999999907, 8134.799999999814, 8148.799999999814, 8320.200000000186, 8335.100000000093, 8347.100000000093, 8357.100000000093, 8362.100000000093, 8399, 8417.899999999907, 8427.899999999907, 8430.899999999907, 8432.899999999907, 8436.899999999907, 8453.799999999814, 8486.799999999814, 8506.799999999814, 8521.700000000186, 8535.700000000186, 8676.100000000093, 8690.100000000093, 8710, 8722.100000000093, 8750, 8763.899999999907, 8780.899999999907, 8820.899999999907, 8836.899999999907, 8867.799999999814, 8873.799999999814, 9089.100000000093, 9107, 9126.899999999907],
                "measurements_y": [4.68, 4.68, 4.68, 4.68, 4.66, 4.67, 4.71, 4.69, 4.82, 4.82, 4.83, 4.85, 4.88, 4.86, 4.78, 4.79, 4.78, 4.78, 4.74, 4.74, 4.73, 4.73, 4.71, 4.71, 4.75, 4.73, 4.67, 4.67, 4.67, 4.66, 4.67, 4.66, 4.66, 4.67, 4.72, 4.69, 4.65, 4.68, 4.68, 4.67, 4.7, 4.69, 4.74, 4.65, 4.66, 4.69, 4.67, 4.68, 4.69, 4.71, 4.69, 4.71, 4.73, 4.73, 4.73, 4.72, 4.71, 4.71, 4.71, 4.7, 4.79, 4.79, 4.79, 4.8, 4.78, 4.78, 4.72, 4.7, 4.71, 4.69, 4.7, 4.72, 4.72, 4.74, 4.88, 4.87, 4.83, 4.83, 4.7, 4.8, 4.79, 4.85, 4.86, 4.7, 4.7, 4.69, 4.7, 4.72, 4.72, 4.74, 4.74, 4.82, 4.81, 4.82, 4.83, 4.8, 4.8, 4.69, 4.69, 4.69, 4.69, 4.68, 4.68, 4.75, 4.74, 4.74, 4.75, 4.76, 4.76, 4.76, 4.77, 4.78, 4.8, 4.78, 4.79, 4.79, 4.85, 4.7, 4.72, 4.72, 4.72, 4.74, 4.72, 4.76, 4.81, 4.77, 4.7, 4.68, 4.77, 4.8, 4.73, 4.71, 4.71, 4.72, 4.72, 4.75, 4.75, 4.78, 4.8, 4.82, 4.72, 4.82, 4.75, 4.76, 4.84, 4.8, 4.76, 4.74, 4.74, 4.7, 4.76, 4.76, 4.68, 4.7, 4.68, 4.72, 4.62, 4.8, 4.75, 4.72, 4.68, 4.65, 4.66, 4.75, 4.75, 4.68, 4.65, 4.68, 4.71, 4.73, 4.69, 4.73, 4.81, 4.82, 4.79, 4.72, 4.72, 4.76, 4.74, 4.71, 4.76, 4.78, 4.77, 4.76, 4.7, 4.67, 4.71, 4.69, 4.7, 4.7, 4.79, 4.76, 4.71, 4.7, 4.68, 4.76, 4.81, 4.78, 4.75, 4.67, 4.68, 4.72, 4.81, 4.74, 4.67, 4.68, 4.66, 4.67, 4.75],
                "darkening_function": "claret_darkening",
                "darkening_coefs_interpolant": "#2",
                "luminocity_function": "black_body_K",
                "σ_measured": [0, 0, 0.01, 0.01, 0.01, 0.01, 0.01, 0.01, 0.01, 0.01, 0.02, 0.03, 0, 0.01, 0.02, 0.02, 0.01, 0.01, 0.01, 0.01, 0.01, 0.01, 0.01, 0, 0, 0, 0.01, 0.01, 0.01, 0, 0.01, 0, 0, 0.01, 0.01, 0, 0.01, 0.01, 0.01, 0.01, 0.01, 0.01, 0.02, 0.02, 0.03, 0.01, 0.01, 0.01, 0.01, 0.01, 0.01, 0.01, 0.01, 0.01, 0.01, 0.01, 0.01, 0.01, 0.01, 0.01, 0, 0, 0.01, 0.01, 0, 0.01, 0.01, 0, 0, 0.01, 0, 0, 0, 0.01, 0.01, 0.01, 0, 0, 0.01, 0.01, 0.01, 0, 0.01, 0, 0, 0, 0, 0, 0, 0, 0, 0.01, 0.01, 0, 0.01, 0.01, 0, 0, 0, 0, 0, 0.01, 0.01, 0.01, 0.01, 0.01, 0.01, 0.01, 0.01, 0.01, 0.01, 0.01, 0.01, 0.01, 0.01, 0.01, 0, 0.01, 0.01, 0.01, 0.01, 0, 0.01, 0, 0.01, 0.01, 0.01, 0, 0, 0, 0, 0.01, 0.01, 0.01, 0, 0, 0.01, 0, 0.01, 0.01, 0, 0, 0, 0.01, 0, 0, 0, 0.01, 0.01, 0.01, 0.01, 0, 0, 0.01, 0, 0.01, 0, 0.01, 0.01, 0.01, 0, 0.01, 0.01, 0.02, 0.01, 0, 0, 0, 0.01, 0, 0, 0.01, 0.01, 0, 0, 0.01, 0.01, 0.01, 0.01, 0, 0.01, 0.01, 0, 0.01, 0, 0, 0, 0, 0.01, 0.01, 0.01, 0.01, 0.01, 0.01, 0.01, 0, 0.01, 0, 0, 0, 0, 0, 0.01, 0.01, 0, 0.01, 0, 0.01, 0],